,/api/google-search,/api/reddit,/api/myspace,/api/heroku,/api/twitter,/api/ipernity,/api/exfm,/api/youtube,/api/delicious-0,/api/dailymotion,/api/orkut,/api/instagram-graph,/api/daylife,/api/linkedin,/api/soundcloud,/api/lastfm,/api/flickr,/api/photobucket,/api/twitpic,/api/amazon-rds-relational-database-service,/api/amazon-ec2,/api/facebook,/api/deviantart,/api/vk,/api/amazon-s3,/api/smugmug,/api/social-mention,/api/zooomr,/api/friendster,/api/plaxo,/api/hyves,/api/vimeo,/api/google-maps,/api/finansportalen,/api/photoshelter,/api/discogs,/api/foursquare,/api/zenfolio,/api/digg
Mashup: National VIP,0,0,0,1,1,0,0,0,0,0,0,0,0,0,0,0,0,0,0,0,0,0,0,0,0,0,0,0,0,0,0,0,0,0,0,0,1,0,0
Mashup: NashMash,0,0,0,0,1,0,0,0,0,0,0,0,0,0,0,0,0,0,0,1,1,0,0,0,1,0,0,0,0,0,0,0,0,0,0,0,0,0,0
Mashup: Seesu,0,0,0,0,0,0,1,1,0,0,0,0,0,0,1,1,0,0,0,0,0,0,0,1,0,0,0,0,0,0,0,0,0,0,0,1,0,0,0
Mashup: Kredittkort.com,0,0,0,0,0,0,0,0,0,0,0,0,0,0,0,0,0,0,0,0,0,0,0,0,0,0,0,0,0,0,0,0,0,1,0,0,0,0,0
Mashup: obsvr.net,0,0,0,0,0,1,0,1,0,1,0,1,0,0,0,0,1,1,1,0,0,0,1,0,0,1,0,1,0,0,0,1,0,0,1,0,0,1,0
Mashup: Streams.im,1,0,0,0,0,0,0,1,0,0,0,0,0,0,0,0,0,0,0,0,0,0,0,0,0,0,1,0,0,0,0,0,0,0,0,0,0,0,0
Mashup: HealthHelpZone.com,1,0,0,0,0,0,0,0,0,0,0,0,1,0,0,0,0,0,0,0,0,0,0,0,0,0,0,0,0,0,0,0,1,0,0,0,0,0,0
Mashup: Clipegg,0,0,0,0,0,0,0,1,0,0,0,0,0,0,0,0,0,0,0,0,0,0,0,0,0,0,0,0,0,0,0,0,0,0,0,0,0,0,1
Mashup: Kulisha,0,0,0,0,1,0,0,0,0,0,0,0,0,0,0,0,0,0,0,0,0,1,0,0,0,0,0,0,0,0,0,0,0,0,0,0,0,0,0
Mashup: Plocky.com: Get your e-life together,0,0,1,0,0,0,0,0,0,0,1,0,0,1,0,0,0,0,0,0,0,1,0,0,0,0,0,0,1,1,1,0,0,0,0,0,0,0,0
Mashup: #API Christmas,0,0,0,0,0,0,0,0,0,0,0,1,0,0,0,0,0,0,0,0,0,0,0,0,0,0,0,0,0,0,0,0,0,0,0,0,0,0,0
Mashup: Friendbinder,0,0,0,0,1,0,0,1,1,0,0,0,0,0,0,1,1,0,0,0,0,1,0,0,0,0,0,0,0,0,0,0,0,0,0,0,0,0,1
Mashup: FollowFly,0,1,0,0,1,0,0,1,0,0,0,1,0,0,1,0,0,0,0,0,0,1,0,0,0,0,0,0,0,0,0,0,0,0,0,0,0,0,0
