,/api/petfinder,/api/myspace,/api/rescuegroups,/api/twitter,/api/youtube,/api/laravel,/api/flickr,/api/authorizenet,/api/bebo,/api/wikipedia,/api/twitpic,/api/dog-gateway,/api/google-gadgets,/api/facebook,/api/google-buzz,/api/dog-ceo-dog,/api/oodle,/api/analytics-seo,/api/google-maps,/api/google-adsense
Mashup: Polux.fr,0,0,0,0,0,0,0,0,0,0,0,0,0,0,0,1,0,0,0,0
Mashup: Lost and Found Pets Ireland,0,1,0,1,0,0,1,0,1,0,1,0,1,1,1,0,0,0,1,0
Mashup: Dog Pedigrees Online,0,0,0,0,0,1,0,1,0,0,0,1,0,0,0,0,0,1,0,1
Mashup: Faunapolis,0,0,0,0,0,0,0,0,0,0,0,0,0,0,0,0,0,0,1,0
Mashup: Reptiles Now,0,0,0,0,1,0,0,0,0,0,0,0,0,0,0,0,1,0,1,1
Mashup: Petdoption,1,0,0,0,0,0,0,0,0,0,0,0,0,0,0,0,0,0,0,0
Mashup: Birds of the World,0,0,0,0,0,0,1,0,0,1,0,0,0,0,0,0,0,0,0,0
Mashup: Feline Finder,0,0,1,0,0,0,0,0,0,0,0,0,0,0,0,0,0,0,0,0
