,/api/trynt,/api/bitly,/api/facebook-graph,/api/lastfm,/api/twilio,/api/google-picasa,/api/facebook-social-plugins,/api/twitter,/api/google-maps,/api/exfm,/api/topsy,/api/youtube,/api/box,/api/dropbox,/api/bandcamp,/api/ilike
Mashup: Mp3 Album,0,0,0,1,0,1,0,0,0,0,0,1,0,0,0,0
Mashup: Top 10 last.fm artists,0,0,0,1,0,0,0,0,0,0,0,0,0,0,0,0
Mashup: MP32tube,0,0,0,0,0,0,0,0,0,0,0,1,0,0,0,0
Mashup: Audibase | Mobile Recording and Audio Blogging Apps Themes Plugins,0,0,1,0,0,0,1,1,0,0,0,0,0,0,0,0
Mashup: MP3buzz,0,0,0,0,0,0,0,0,0,1,0,0,0,0,0,0
Mashup: Bandcamp Scrobbler,0,0,0,1,0,0,0,0,0,0,0,0,0,0,1,0
Mashup: MP3 JA,0,0,0,1,0,0,0,0,0,0,0,1,0,0,0,0
Mashup: CallCollector,0,0,0,0,1,0,0,0,0,0,0,0,1,0,0,0
Mashup: Smart Recorder and Box.net,0,0,0,0,0,0,0,0,0,0,0,0,1,0,0,0
Mashup: Streamboxr,0,0,0,0,0,0,0,0,0,0,0,0,0,1,0,0
Mashup: SoundSeeker,0,0,0,0,0,0,0,0,1,0,0,0,0,0,0,0
Mashup: Speak,1,0,0,0,0,0,0,0,0,0,0,0,0,0,0,0
Mashup: How to pronounce words (PronunciaciÃ³n en InglÃ©s | Pronuncia in inglese...),0,1,0,0,0,0,0,0,0,0,1,1,0,0,0,0
Mashup: MyiLike,0,0,0,0,0,0,0,0,0,0,0,0,0,0,0,1
