,/api/clockwork-sms,/api/twilio-sms,/api/digitalbucket,/api/egnyte,/api/amazon-s3,/api/paypal,/api/twitter,/api/google-app-engine,/api/docusign-enterprise,/api/google-storage,/api/box,/api/opensosius
Mashup: DocuSign Alfresco Integration,0,0,0,0,0,0,0,0,1,0,0,0
Mashup: CobbleStone DocuSign Integration,0,0,0,0,0,0,0,0,1,0,0,0
Mashup: DynaFile DocuSign Integration,0,0,0,0,0,0,0,0,1,0,0,0
Mashup: EchoSign eSignature for Google Apps,0,0,0,0,0,0,0,1,0,0,0,0
Mashup: Front Desk & DocuSign,0,0,0,0,0,0,0,0,1,0,0,0
Mashup: DocuSign for SugarCRM,0,0,0,0,0,0,0,0,1,0,0,0
Mashup: DocuSign & zipForms,0,0,0,0,0,0,0,0,1,0,0,0
Mashup: ExactTarget + DocuSign,0,0,0,0,0,0,0,0,1,0,0,0
Mashup: Zuora + DocuSign,0,0,0,0,0,0,0,0,1,0,0,0
Mashup: DocuSign SharePoint Connector,0,0,0,0,0,0,0,0,1,0,0,0
Mashup: eSignature Gateway,1,1,0,0,1,0,0,0,1,1,0,0
Mashup: DocuSign for snapLogic,0,0,0,0,0,0,0,0,1,0,0,0
Mashup: DocuSign for Google Drive,0,0,0,0,0,0,0,0,1,0,0,0
Mashup: Selectica Integration with DocuSign,0,0,0,0,0,0,0,0,1,0,0,0
Mashup: Good Technology DocuSign Integration,0,0,0,0,0,0,0,0,1,0,0,0
Mashup: Motorola Mobility + DocuSign,0,0,0,0,0,0,0,0,1,0,0,0
Mashup: AutoPal DocuSign Integration,0,0,0,0,0,0,0,0,1,0,0,0
Mashup: PayPal + DocuSign,0,0,0,0,0,1,0,0,1,0,0,0
Mashup: DocuSign & Appirio,0,0,0,0,0,0,0,0,1,0,0,0
Mashup: eOriginal + DocuSign,0,0,0,0,0,0,0,0,1,0,0,0
Mashup: Reesio + DocuSign,0,0,0,0,0,0,0,0,1,0,0,0
Mashup: CarrierSoft + DocuSign,0,0,0,0,0,0,0,0,2,0,0,0
Mashup: eSignDocs,0,0,0,0,0,0,0,0,1,0,0,0
Mashup: DocuSign Accenture Integration,0,0,0,0,0,0,0,0,1,0,0,0
Mashup: NDA Corp DocuSign Integration,0,0,0,0,0,0,0,0,1,0,0,0
Mashup: Sosius Integrates Signature,0,0,0,0,0,0,0,0,0,0,0,1
Mashup: ConnectMLS DocuSign Integration,0,0,0,0,0,0,0,0,1,0,0,0
Mashup: Brainsell-Technologies + DocuSign,0,0,0,0,0,0,0,0,2,0,0,0
Mashup: DocuSign and Egnyte,0,0,0,1,0,0,0,0,0,0,0,0
Mashup: DocuSign Conga Composer,0,0,0,0,0,0,0,0,1,0,0,0
Mashup: DocuSign for Salesforce,0,0,0,0,0,0,0,0,1,0,0,0
Mashup: DocuSign Acumen Solutions Integration,0,0,0,0,0,0,0,0,2,0,0,0
Mashup: EquiFax IRS Income Verification,0,0,0,0,0,0,0,0,1,0,0,0
Mashup: xSign from xRM.com,0,0,0,0,0,0,0,0,1,0,0,0
Mashup: DocuSign Akcelerant Integration,0,0,0,0,0,0,0,0,1,0,0,0
Mashup: xSignâ„¢ DocuSignÂ® Integration for Microsoft DynamicsÂ® CRM 2011,0,0,0,0,0,0,0,0,1,0,0,0
Mashup: Cartavi DocuSign Integration,0,0,0,0,0,0,0,0,1,0,0,0
Mashup: Armanino + DocuSign,0,0,0,0,0,0,0,0,1,0,0,0
Mashup: DocuSign and HP Exstream,0,0,0,0,0,0,0,0,1,0,0,0
Mashup: SmartSheet + DocuSign Integration,0,0,0,0,0,0,0,0,1,0,0,0
Mashup: DocuSign & Aplifi,0,0,0,0,0,0,0,0,1,0,0,0
Mashup: Ecteon Contraxx + DocuSign Integration,0,0,0,0,0,0,0,0,1,0,0,0
Mashup: Bizodo & DocuSign Integration,0,0,0,0,0,0,0,0,1,0,0,0
Mashup: AppBuilder Forms with DocuSign,0,0,0,0,0,0,0,0,1,0,0,0
Mashup: Airlift & DocuSign,0,0,0,0,0,0,0,0,1,0,0,0
Mashup: Avoka Transact + DocuSign,0,0,0,0,0,0,0,0,1,0,0,0
Mashup: Skilled Athlete + DocuSign,0,0,0,0,0,0,0,0,1,0,0,0
Mashup: Drawloop DocuSign Integration,0,0,0,0,0,0,0,0,1,0,0,0
Mashup: DocuSign Integration with DOCCentral,0,0,0,0,0,0,0,0,1,0,0,0
Mashup: DocuSign Ariba Integration,0,0,0,0,0,0,0,0,1,0,0,0
Mashup: eDottedLine-DocuSign Edition,0,0,0,0,0,0,0,0,1,0,0,0
Mashup: Okta DocuSign Integration,0,0,0,0,0,0,0,0,1,0,0,0
Mashup: DocuSign + Box.com Integration,0,0,0,0,0,0,0,0,1,0,0,0
Mashup: DocuSign + Genworth Financial Wealth Management,0,0,0,0,0,0,0,0,1,0,0,0
Mashup: TwitHut.com - Twitter Signature and Counter Generator,0,0,0,0,0,0,1,0,0,0,0,0
Mashup: DocuSign Netsuite Connector,0,0,0,0,0,0,0,0,1,0,0,0
Mashup: DocuSign ArrayWorks Integration,0,0,0,0,0,0,0,0,1,0,0,0
Mashup: DocuSign for Microsoft Word,0,0,0,0,0,0,0,0,1,0,0,0
Mashup: SBS Group & DocuSign,0,0,0,0,0,0,0,0,1,0,0,0
Mashup: Kwik-Loan + DocuSign,0,0,0,0,0,0,0,0,1,0,0,0
Mashup: Centrify for DocuSign,0,0,0,0,0,0,0,0,1,0,0,0
Mashup: Enterprise Rideshare + DocuSign,0,0,0,0,0,0,0,0,1,0,0,0
Mashup: DocuSign for Outlook (Windows),0,0,0,0,0,0,0,0,1,0,0,0
Mashup: MLSListings + DocuSign,0,0,0,0,0,0,0,0,1,0,0,0
Mashup: FBS Data Integration with DocuSign,0,0,0,0,0,0,0,0,1,0,0,0
Mashup: MYHR & DocuSign,0,0,0,0,0,0,0,0,1,0,0,0
Mashup: Contract Guardian & DocuSign,0,0,0,0,0,0,0,0,1,0,0,0
Mashup: SpringCM + DocuSign,0,0,0,0,0,0,0,0,1,0,0,0
Mashup: iPipeline Integration with DocuSign,0,0,0,0,0,0,0,0,1,0,0,0
Mashup: Steel Brick CRM & DocuSign,0,0,0,0,0,0,0,0,1,0,0,0
Mashup: DocuSign + BigMachines Integration,0,0,0,0,0,0,0,0,1,0,0,0
Mashup: SchoolDocs & DocuSign,0,0,0,0,0,0,0,0,1,0,0,0
Mashup: LeadTrac & DocuSign,0,0,0,0,0,0,0,0,1,0,0,0
Mashup: V2 & DocuSign,0,0,0,0,0,0,0,0,1,0,0,0
Mashup: CollectPlus DocuSign Integration,0,0,0,0,0,0,0,0,1,0,0,0
Mashup: DocuSign for Outlook,0,0,0,0,0,0,0,0,1,0,0,0
Mashup: DocuSign & BlueWolf,0,0,0,0,0,0,0,0,1,0,0,0
Mashup: ForceBrain DocuSign Integration,0,0,0,0,0,0,0,0,1,0,0,0
Mashup: Enterprise Networking Solutions & DocuSign,0,0,0,0,0,0,0,0,1,0,0,0
Mashup: DocuSign Ink for Good,0,0,0,0,0,0,0,0,1,0,0,0
Mashup: DocuSign + Apposite Technology Partners,0,0,0,0,0,0,0,0,1,0,0,0
Mashup: HTC DocuSign Integration,0,0,0,0,0,0,0,0,1,0,0,0
Mashup: DocuSign for Chrome,0,0,0,0,0,0,0,0,1,0,0,0
Mashup: Weever Apps - DocuSign Integration,0,0,0,0,0,0,0,0,1,0,0,0
Mashup: DocuSign & NAR,0,0,0,0,0,0,0,0,1,0,0,0
Mashup: ArcPoint Gateway,0,0,0,0,0,0,0,0,1,0,0,0
Mashup: DocuSign and Box.net,0,0,0,0,0,0,0,0,1,0,1,0
Mashup: MCF Technology Solutions + DocuSign,0,0,0,0,0,0,0,0,1,0,0,0
Mashup: DocuSign & DocStar,0,0,0,0,0,0,0,0,1,0,0,0
Mashup: DigitalBucket with e-signatures,0,0,1,0,0,0,0,0,0,0,0,0
