,/api/voo2do,/api/hiveminder,/api/nozbe,/api/twitter,/api/amazon-product-advertising,/api/doit,/api/youtube,/api/toodledo,/api/refuge-restrooms,/api/netflix
Mashup: TodoToday for Voo2do,1,0,0,0,0,0,0,0,0,0
Mashup: AllFlicks,0,0,0,0,0,0,0,0,0,1
Mashup: TodoToday for Nozbe,0,0,1,0,0,0,0,0,0,0
Mashup: TodoToday for Hiveminder,0,1,0,0,0,0,0,0,0,0
Mashup: TwitDone - Twitter GTD,0,0,0,1,0,0,0,0,0,0
Mashup: 22books,0,0,0,0,1,0,0,0,0,0
Mashup: Pulse of Bollywood,0,0,0,0,0,0,1,0,0,0
Mashup: TodoToday for Doit.im,0,0,0,0,0,1,0,0,0,0
Mashup: Your-Wishlist.com,0,0,0,0,1,0,0,0,0,0
Mashup: TodoToday for Toodledo,0,0,0,0,0,0,0,1,0,0
Mashup: Refuge Android App,0,0,0,0,0,0,0,0,1,0
