,/api/twitter-search,/api/linkedin,/api/reddit,/api/twilio,/api/pusher,/api/flickr,/api/twitter,/api/caret,/api/youtube,/api/zappos,/api/jaiku,/api/photobucket,/api/delicious-0
Mashup: SpyTickr,0,1,0,0,0,1,1,0,1,0,1,1,1
Mashup: Flickr Real Time,0,0,0,0,0,1,0,0,0,0,0,0,0
Mashup: Scrabb.ly,0,0,0,0,1,0,0,0,0,0,0,0,0
Mashup: Outbreak Watch,0,0,0,0,0,0,1,0,0,0,0,0,0
Mashup: Howdy,0,0,0,1,0,0,1,0,0,0,0,0,0
Mashup: Caret,0,0,0,0,0,0,0,1,0,0,0,0,0
Mashup: Twitter Instant Search,1,0,0,0,0,0,0,0,0,0,0,0,0
Mashup: ShooSpy,0,0,0,0,0,0,0,0,0,1,0,0,0
Mashup: News Share,0,0,0,1,0,0,1,0,0,0,0,0,0
Mashup: Flickr Spy,0,0,0,0,0,1,0,0,0,0,0,0,0
Mashup: Reddit Livestream,0,0,1,0,0,0,0,0,0,0,0,0,0
