,/api/evri,/api/twitter,/api/clearforest-semantic-web-services1,/api/amazon-product-advertising,/api/google-visualization,/api/youtube,/api/webknox-keywords,/api/moreover,/api/delicious-0,/api/daylife,/api/google-base,/api/flickr,/api/google-app-engine,/api/yahoo-search,/api/thomson-reuters-open-calais,/api/wikipedia,/api/upcomingorg,/api/swoogle,/api/saplo-text-analysis,/api/meaningtool,/api/zanox,/api/bing,/api/extractiv,/api/dbpedia,/api/freebase
Mashup: MeaningTwitt,0,1,0,0,1,0,0,0,0,0,0,0,0,0,0,0,0,0,0,1,0,0,0,0,0
Mashup: Spoonacular,0,0,0,0,0,0,1,0,0,0,0,0,0,0,0,0,0,0,0,0,0,0,0,0,0
Mashup: Relaticious,0,0,0,0,0,0,0,0,1,0,0,0,0,0,0,0,0,0,0,0,0,0,0,0,0
Mashup: Halsopuls,0,1,0,0,0,0,0,0,0,0,0,0,0,0,0,0,0,0,0,0,0,0,0,0,0
Mashup: Trendy!Bing,0,0,0,0,0,0,0,0,0,0,0,0,1,0,0,0,0,0,0,0,0,1,0,0,0
Mashup: QuoteRelish,0,0,0,0,0,0,0,1,0,0,0,0,0,0,0,0,0,0,0,0,0,0,0,0,1
Mashup: PeepToday,0,1,0,0,0,1,0,0,0,0,0,0,0,0,0,0,0,0,0,0,0,0,0,0,1
Mashup: Twitter Trends Tagged,0,1,0,0,0,0,0,0,0,0,0,0,0,0,1,0,0,0,0,0,0,0,0,0,0
Mashup: JGE Automatic Content Generator,0,0,0,0,0,0,0,0,0,0,0,0,0,0,1,0,0,0,0,0,0,0,0,0,1
Mashup: Veeeb Semantic Editor,0,0,0,1,0,1,0,0,0,0,0,1,0,0,1,0,0,0,0,0,1,0,0,0,1
Mashup: Semantisize,0,0,1,0,0,0,0,0,0,0,1,1,0,1,0,0,1,0,0,0,0,0,0,0,0
Mashup: TweetFeel,0,1,0,0,0,0,0,0,0,0,0,0,0,0,0,0,0,0,0,0,0,0,0,0,0
Mashup: RDFaCE,1,0,0,0,0,0,0,0,0,0,0,0,0,0,1,0,0,1,1,0,0,0,1,1,0
Mashup: Newstaggr,0,0,0,0,0,0,0,0,0,1,0,0,0,0,1,0,0,0,0,0,0,0,0,0,0
Mashup: Klezio,0,1,0,0,0,0,0,0,1,0,0,1,0,0,1,1,0,0,0,0,0,0,0,0,0
Mashup: ClearForest Gnosis,0,0,1,0,0,0,0,0,0,0,0,0,0,0,0,0,0,0,0,0,0,0,0,0,0
