,/api/itunes-and-itunes-connect,/api/target,/api/facebook,/api/daybreak-game-company-census,/api/reddit,/api/soundcloud,/api/lastfm,/api/rhapsody,/api/google-play-developer,/api/google-plus,/api/youtube,/api/musicbrainz,/api/s3bubble,/api/roku-web-service,/api/netflix
Mashup: Can I Stream.it?,1,1,0,1,0,0,0,0,1,0,1,0,0,0,1
Mashup: Reddit-Matic,0,0,0,0,1,0,0,0,0,0,0,0,0,0,0
Mashup: Daft Punk Mashup,0,0,0,0,0,1,0,0,0,0,0,0,0,0,0
Mashup: Yidio,1,0,0,0,0,0,0,0,0,0,0,0,0,0,1
Mashup: Flixster,1,0,1,0,0,0,0,0,1,1,0,0,0,1,0
Mashup: Recordlective,0,0,0,0,0,0,1,0,0,0,1,1,0,0,0
Mashup: Fan TV,1,0,0,0,0,0,0,1,0,0,1,0,0,0,1
Mashup: Audibase,0,0,0,0,0,0,0,0,0,0,0,0,1,0,0
