﻿url,WebApi使用次数
/api/google-maps,1984
/api/twitter,671
/api/youtube,562
/api/flickr,474
/api/facebook,381
/api/twilio,311
/api/amazon-product-advertising,304
/api/lastfm,181
/api/ebay,174
/api/twilio-sms,156
/api/google-search,139
/api/microsoft-bing-maps,117
/api/delicious-0,106
/api/foursquare,104
/api/google-app-engine,102
/api/docusign-enterprise,97
/api/yahoo-search,95
/api/google-gadgets,95
/api/411sync,93
/api/google-chart,84
/api/geonames,79
/api/yahoo-maps,78
/api/google-adsense,77
/api/box,76
/api/amazon-s3,75
/api/yahoo-geocoding,72
/api/wikipedia,64
/api/linkedin,63
/api/instagram-graph,59
/api/amazon-ec2,59
/api/bing,59
/api/google-base,57
/api/digg,55
/api/google-analytics-managment,55
/api/yelp-fusion,53
/api/shoppingcom,52
/api/google-earth,49
/api/facebook-graph,49
/api/panoramio,48
/api/freebase,48
/api/technorati,45
/api/indeed,42
/api/google-maps-data,41
/api/bitly,37
/api/google-geocoding,36
/api/yahoo-image-search,36
/api/google-cloud-translation,35
/api/google-calendar,35
/api/yahoo-local-search,35
/api/google-maps-flash,34
/api/paypal,34
/api/nationbuilder,33
/api/geocoder,33
/api/eventful,33
/api/google-custom-search,33
/api/spotify-metadata,32
/api/google-picasa,32
/api/musicbrainz,32
/api/google-adwords,31
/api/commission-junction,31
/api/fitbit,31
/api/soundcloud,31
/api/bing-maps,29
/api/oodle,28
/api/netflix,27
/api/twitpic,26
/api/upcomingorg,26
/api/zillow,26
/api/facebook-social-plugins,25
/api/google-visualization,25
/api/vimeo,24
/api/blogger,24
/api/etsy,23
/api/feedburner,23
/api/tumblr,22
/api/microsoft-bing,22
/api/imageloop,22
/api/myspace,22
/api/google-plus,22
/api/google-static-maps,21
/api/google-maps-places,21
/api/shopzilla,21
/api/friendfeed,21
/api/yahoo-answers,21
/api/dropbox,20
/api/weather-channel,20
/api/itunes-and-itunes-connect,20
/api/bbc,19
/api/openstreetmap,19
/api/aol-video,19
/api/rotten-tomatoes,19
/api/google-fusion-tables,18
/api/lyricwiki,18
/api/skype,18
/api/hotelscombined,18
/api/fedex,17
/api/dbpedia,17
/api/yahoo-query-language-graphql,17
/api/mailchimp,17
/api/heroku,16
/api/amazon-marketplace-web-service,16
/api/zazzle,16
/api/google-talk,16
/api/reddit,16
/api/donorschoose,16
/api/netvibes,16
/api/google-contacts,15
/api/tropo-scripting,15
/api/google-spreadsheets,15
/api/sendgrid,14
/api/yahoo-video-search,14
/api/maplarge,14
/api/shopify-admin,14
/api/evernote,13
/api/openlayers,13
/api/google-maps-elevation,13
/api/yahoo-term-extraction,13
/api/google-gmail-oauth,13
/api/basecamp,13
/api/magento-soap,12
/api/usps-trackconfirm-fields,12
/api/alexa-web-information-service,12
/api/multimap,12
/api/yahoo-shopping,12
/api/google-drive,12
/api/gowalla,12
/api/github,12
/api/cnet,12
/api/hoiio-voice,12
/api/google-documents-list,12
/api/thomson-reuters-open-calais,12
/api/yahoo-traffic,12
/api/amazon-a9-opensearch,11
/api/yahoo-widgets,11
/api/mapbox,11
/api/google-mashup-editor,11
/api/addthis-menu,11
/api/forvo,11
/api/smugmug,11
/api/photobucket,11
/api/rhapsody,11
/api/compete,11
/api/linkshare,11
/api/govtrackus,11
/api/best-buy-products,10
/api/kayak,10
/api/i2space,10
/api/angellist,10
/api/goodreads,10
/api/noaa-national-weather-service-nws-ndfd-soap,10
/api/google-desktop,10
/api/trynt,10
/api/google-webmaster-tools,10
/api/world-weather-online,10
/api/vonage-nexmo-sms,10
/api/hostipinfo,10
/api/pinterest-domain,10
/api/ups-shipping,10
/api/groupon,10
/api/opensecrets,10
/api/fanfeedr-sports-news,10
/api/colourlovers,10
/api/google-checkout,9
/api/klout,9
/api/google-buzz,9
/api/vast,9
/api/finansportalen,9
/api/new-york-times-article-search,9
/api/citygrid,9
/api/google-latitude,9
/api/jaiku,9
/api/mtv,9
/api/ebay-finding,9
/api/google-street-view-image,9
/api/expedia,9
/api/trulia,9
/api/rovi-cloud-services,9
/api/weather-underground-wunderground,9
/api/movie-database-tmdb,9
/api/pownce,8
/api/yahoo-weather,8
/api/discogs,8
/api/openweathermap,8
/api/itunes-app-store-search,8
/api/fire-eagle,8
/api/google-single-signon,8
/api/yahoo-travel,8
/api/guardian,8
/api/mendeley,8
/api/stripe,8
/api/twickit,8
/api/yahoo-map-image,8
/api/hoiio-sms,8
/api/your-mapper,8
/api/mapquest,8
/api/amazon-mechanical-turk,8
/api/twitter-streaming,8
/api/livevideo,7
/api/what-trend,7
/api/dapper,7
/api/att-app-messaging,7
/api/crunchbase,7
/api/8coupons,7
/api/google-books,7
/api/getglue,7
/api/yahoo-music,7
/api/tweetphoto,7
/api/aol-instant-messenger,7
/api/zvents,7
/api/kiva,7
/api/google-gears-geolocation,7
/api/facebook-real-time-updates,7
/api/google-fonts,7
/api/withings,7
/api/imsas,7
/api/watchmouse,7
/api/bebo,7
/api/meetup,7
/api/buzzdata,7
/api/dailymotion,7
/api/slideshare,7
/api/coindesk,7
/api/secondlife,7
/api/songkick,6
/api/aviary-effects,6
/api/bing-maps-locations,6
/api/true-knowledge,6
/api/thrutu,6
/api/mobypicture,6
/api/fotolia,6
/api/google-shopping-search,6
/api/social-share-count,6
/api/yahoo-site-explorer,6
/api/nestoria,6
/api/aonaware-dictionary,6
/api/billboard,6
/api/yahoo-my-web-search,6
/api/uclassify,6
/api/webknox-keywords,6
/api/wordpressorg,6
/api/ebay-shopping,6
/api/daylife,6
/api/page2images,6
/api/23,6
/api/walk-score,6
/api/amazon-rds-relational-database-service,6
/api/google-directions,6
/api/futef-wikipedia-api,6
/api/chartlyrics-lyric,6
/api/new-york-times-best-sellers,6
/api/genability,6
/api/ning,6
/api/google-openid,6
/api/yahoo-related-suggestions,6
/api/cafe-press,6
/api/bandsintown,6
/api/careerbuilder,6
/api/poly9-freeearth,6
/api/activecom,6
/api/eventbrite,6
/api/picplz,5
/api/google-apps-email-migration,5
/api/giphy,5
/api/new-york-times-newswire,5
/api/runkeeper-health-graph,5
/api/bing-translator,5
/api/espn,5
/api/bbc-music,5
/api/clockwork-sms,5
/api/bigcommerce,5
/api/43things,5
/api/tripit,5
/api/alexa-top-sites,5
/api/maponics,5
/api/500px,5
/api/formstack,5
/api/kookoo,5
/api/disqus,5
/api/widgetbox,5
/api/adobe-air-bus-tour,5
/api/bitstamp-http,5
/api/myvox,5
/api/geocoderca,5
/api/seomoz,5
/api/highrise,5
/api/factual-v3,5
/api/plaxo,5
/api/yahoo-internet-location-platform,5
/api/clearforest-semantic-web-services1,5
/api/yahoo-mail,5
/api/bigtribe,5
/api/cloudmade-leaflet,5
/api/msn-messenger,5
/api/google-web-authentication,5
/api/wordpresscom,5
/api/7digital,5
/api/pricerunner,5
/api/windows-live-expo,5
/api/uship,5
/api/zappos,5
/api/twitter-search,5
/api/authorizenet,5
/api/twittercounter,5
/api/sharedbook,5
/api/evri,5
/api/freshbooks,5
/api/adobe-share,4
/api/urban-mapping-mapfluence,4
/api/zanox,4
/api/bibliacom,4
/api/yipit,4
/api/magnolia,4
/api/microsoft-silverlight-streaming,4
/api/constantcontact,4
/api/mt-gox,4
/api/bandcamp,4
/api/edmundscom-vehicle,4
/api/walgreens-quickprints,4
/api/gruvr,4
/api/musixmatch,4
/api/woocommerce,4
/api/google-wave,4
/api/active,4
/api/snocap,4
/api/mybloglog,4
/api/bookmooch,4
/api/bing-maps-search,4
/api/webthumb,4
/api/newsgator,4
/api/livejournal,4
/api/windows-live-spaces,4
/api/dhl,4
/api/jigsaw,4
/api/yes-broadcast-db,4
/api/instapaper,4
/api/blankslate,4
/api/friendster,4
/api/lat49,4
/api/hyves,4
/api/uber,4
/api/scribd-platform,4
/api/rubygems,4
/api/dansk-supermarked,4
/api/sletohcom,4
/api/imeem,4
/api/ebay-product-services,4
/api/longurl,4
/api/backtype,4
/api/ifixit,4
/api/userplane,4
/api/plivo,4
/api/peerindex,4
/api/instagram-real-time,4
/api/loxcel,4
/api/zemanta,4
/api/findory,4
/api/tourcms-marketplace,4
/api/amazon-simpledb,4
/api/sugarsync,4
/api/veoh,4
/api/tinysong,4
/api/zooomr,4
/api/sears,4
/api/yahoo-placemaker,4
/api/amee,4
/api/topsy,4
/api/ilike,4
/api/amazon-ses,4
/api/cicero,4
/api/google-client-authentication,4
/api/janrain-engage,4
/api/google-play-developer,4
/api/pusher,4
/api/map24-ajax,4
/api/jawbone,4
/api/google-social-graph,4
/api/google-distance-matrix,4
/api/addthis-sharing-endpoints,4
/api/tweetmeme,4
/api/google-gears,4
/api/alexa-web-search,4
/api/zendesk-core,4
/api/akismet,3
/api/we-feel-fine,3
/api/dribbble,3
/api/microsoft-mappoint,3
/api/amazon-fulfillment-web-service,3
/api/simplegeo,3
/api/outsidein,3
/api/iva-video,3
/api/coinbase,3
/api/holidays-service,3
/api/windows-live-contacts,3
/api/maplight,3
/api/twitgoo,3
/api/spotify-web,3
/api/mandrill,3
/api/picnik,3
/api/yahoo-messenger,3
/api/yahoo-placefinder,3
/api/pricegrabber,3
/api/hi5,3
/api/editgrid,3
/api/aol-open-auth,3
/api/yahoo-fantasy-sports,3
/api/opendada,3
/api/motorsportregcom,3
/api/brewerydb,3
/api/new-relic,3
/api/amazon-flexible-payments-service,3
/api/lyricfind,3
/api/daybreak-game-company-census,3
/api/xero,3
/api/ip2location,3
/api/google-friend-connect,3
/api/webhoseio,3
/api/postalmethods,3
/api/moo,3
/api/yandex,3
/api/rezgo,3
/api/readmill,3
/api/grouper-video,3
/api/npr-one-station-finder,3
/api/channeladvisor,3
/api/pocket,3
/api/yahoo-address-book,3
/api/gravatar,3
/api/scribd-ipaper,3
/api/kuler,3
/api/yahoo-bbauth,3
/api/kynetx,3
/api/google-sites,3
/api/buzznet,3
/api/opensocial,3
/api/ipernity,3
/api/shopstyle,3
/api/librarything,3
/api/careerjet,3
/api/amazon-cloudwatch,3
/api/myob-accountright-live,3
/api/ordnance-survey-maps,3
/api/orkut,3
/api/google-health,3
/api/yahoo-audio-search,3
/api/skydeck,3
/api/trakttv,3
/api/identica,3
/api/moreover,3
/api/thumbalizr,3
/api/food,3
/api/rapleaf,3
/api/strava,3
/api/snipshot,3
/api/clickatell-http,3
/api/oracle-netsuite,3
/api/buffer,3
/api/riya,3
/api/semrush,3
/api/readability,3
/api/esv-bible-lookup,3
/api/ergast,3
/api/infochimps-social,3
/api/backtweets,3
/api/aol-pictures,3
/api/blekko,3
/api/geograph,3
/api/aiderss,3
/api/realtybaron-answers,3
/api/amadeus,3
/api/twittervision,3
/api/yahoo-geoplanet,3
/api/imgur,3
/api/wolfram-alpha,3
/api/superfeedr,3
/api/addthis-services,3
/api/amazon-queue-service,3
/api/impossiblefx,3
/api/microsoft-translator,3
/api/garmin-motionbased,3
/api/webshots,3
/api/plum-fuse,3
/api/walmart-open,3
/api/windows-sidebar-gadgets,3
/api/viddler,3
/api/syndic8,3
/api/yolink,3
/api/seesmic,3
/api/typepad,3
/api/naver,3
/api/google-page-speed-online,3
/api/google-book-search-book-viewability,3
/api/shizzow,3
/api/springwidgets,3
/api/bolcom-open,3
/api/sensebot,3
/api/billomat,3
/api/internet-archive,3
/api/yellow,3
/api/flightstats,3
/api/library-congress-prints-photographs,3
/api/target,3
/api/zomato-foodie-index,3
/api/ontok,3
/api/att-call-management,2
/api/google-closure-compiler,2
/api/usgs-elevation-query-service,2
/api/mozscape,2
/api/amazon-dynamodb,2
/api/yahoo-music-engine,2
/api/snapr,2
/api/infosnipernet,2
/api/brighter-planet-cm1,2
/api/burstn,2
/api/livekick,2
/api/shadows,2
/api/bioid-web-services,2
/api/howcast,2
/api/viralheat,2
/api/plazes,2
/api/steply,2
/api/telapi,2
/api/dealsurf,2
/api/shareasale-affiliate,2
/api/playme,2
/api/norway-weather,2
/api/tokbox,2
/api/layar,2
/api/noaa-climate-data-online,2
/api/anything2pdf,2
/api/yahoo-geo-location,2
/api/adility,2
/api/retailmenotcom-community-ideas,2
/api/raw-sugar,2
/api/pushover-message,2
/api/weather-central,2
/api/primal,2
/api/agentrank,2
/api/ahrefs,2
/api/pricespin,2
/api/vhx,2
/api/mogreet,2
/api/coinkite,2
/api/google-cloud-print,2
/api/nyc-open-data,2
/api/bliptv,2
/api/recognizeim,2
/api/videosurf,2
/api/omnidrive,2
/api/feedzilla,2
/api/lockerz,2
/api/facecom,2
/api/wikia,2
/api/faroo,2
/api/ohloh,2
/api/infochimps-ip-intelligence-geolocation,2
/api/plancast,2
/api/telegram-bot,2
/api/qwerly,2
/api/petfinder,2
/api/batchbook,2
/api/google-tasks,2
/api/spokenbuzz,2
/api/clicky,2
/api/strikeiron-sms-mobile-marketing,2
/api/forrst,2
/api/plunker,2
/api/foxrate,2
/api/worldcat-search,2
/api/digitalocean,2
/api/aerisweather,2
/api/pageflakes,2
/api/linode,2
/api/hunch,2
/api/imageshack,2
/api/juju-publisher,2
/api/enthusem,2
/api/world-time-engine,2
/api/greatschools,2
/api/pinboard,2
/api/cartodb,2
/api/posterous,2
/api/mapfluence,2
/api/rackspace-cloud-files,2
/api/information-machine,2
/api/ihealth,2
/api/hipchat,2
/api/wahoo-fitness,2
/api/library-congress-srw,2
/api/airbrake,2
/api/tinylink,2
/api/warenet-checkware,2
/api/mochi-media-flash-games,2
/api/twitter-grader,2
/api/drawloop,2
/api/smsmybus,2
/api/omgili,2
/api/lyrdb,2
/api/framey,2
/api/chacha,2
/api/zenfolio,2
/api/semantria,2
/api/blinkx,2
/api/viator,2
/api/images,2
/api/capitol-words,2
/api/campaign-monitor,2
/api/scoopit,2
/api/brightcove,2
/api/datumbox,2
/api/mapmyfitness,2
/api/udacity-course-catalog,2
/api/sabre-0,2
/api/plos-search,2
/api/bookingmarkets,2
/api/simpleapi,2
/api/youtxt,2
/api/yahoo-ads,2
/api/cohuman,2
/api/opencongress,2
/api/pdxcouncilconnect,2
/api/artbeat,2
/api/localschooldirectory,2
/api/freebiesms,2
/api/behance,2
/api/viamichelin,2
/api/bing-search,2
/api/microsoft-msdn,2
/api/apartmentsapart,2
/api/wiziq-virtual-classroom,2
/api/weblogs,2
/api/yahoo-search-marketing,2
/api/igoogle-themes,2
/api/evoca,2
/api/travelport,2
/api/zotero,2
/api/whois,2
/api/alexa-site-thumbnail,2
/api/jamendo,2
/api/3dcart,2
/api/google-storage,2
/api/vircurex,2
/api/carma,2
/api/google-bigquery,2
/api/looker,2
/api/spy-dialer,2
/api/google-translator-toolkit,2
/api/elance,2
/api/mixpanel,2
/api/baidu,2
/api/pingdom,2
/api/bing-maps-routes,2
/api/yahoo-live,2
/api/zoho-crm,2
/api/sugarcrm,2
/api/blinksale,2
/api/bookingcom-content,2
/api/tiny-url-open,2
/api/upc-database,2
/api/zapier,2
/api/allmyles,2
/api/kyte,2
/api/zoopla,2
/api/elasticsearch,2
/api/contextio,2
/api/ipinfoio-ip-geolocation,2
/api/slashdb,2
/api/google-finance-portfolio,2
/api/myplaylist,2
/api/linkup-job-search-engine,2
/api/tailrank,2
/api/opinioncrawl-sentiment-analysis,2
/api/faviconz,2
/api/ringful,2
/api/yummly,2
/api/facebook-chat,2
/api/new-york-times-movie-reviews,2
/api/phanfare,2
/api/importio,2
/api/broadsoft-xtended,2
/api/scribble-maps,2
/api/honjp,2
/api/reuters-spotlight,2
/api/spore,2
/api/awesm,2
/api/zoomin,2
/api/mapstraction,2
/api/blue,2
/api/gmail,2
/api/quickblox,2
/api/geoloqi,2
/api/aviary-suite,2
/api/digitalbucket,2
/api/strikeiron-ip-address-lookup,2
/api/endicia-label-server,2
/api/aviary-web,2
/api/quova,2
/api/cloudmine,2
/api/autodesk-freewheel,2
/api/pubnub-javascript-push,2
/api/follow-money,2
/api/google-notebook,2
/api/mailgun,2
/api/bloglines,2
/api/onelogin,2
/api/allogarage,2
/api/4shared,2
/api/galileo,2
/api/exfm,2
/api/moneybookers,2
/api/where-gps,2
/api/geoportail,2
/api/pixlr,2
/api/google-affiliate-network,2
/api/highcharts,2
/api/google-civic-information,2
/api/amplify,2
/api/producteev,2
/api/globexplorer,2
/api/mindtouch-deki-wiki,2
/api/fring,2
/api/global-biodiversity-information-facility,2
/api/trim,2
/api/tripadvisor,2
/api/avvo,2
/api/bank-russia-daily-info,2
/api/mapquest-geocoding,2
/api/vk,2
/api/walgreens-balance-rewards,2
/api/splogspot,2
/api/blipfm,2
/api/social-archive,2
/api/tagalus,2
/api/highcharts-highstock,2
/api/photo,2
/api/prosperent,2
/api/json-tools,2
/api/wiserearth,2
/api/aol-open-mail,2
/api/feedly,2
/api/long-url-please,1
/api/beatport,1
/api/dance-tunes,1
/api/isbn-db,1
/api/notifo,1
/api/dabbledb,1
/api/martindale-hubbell,1
/api/accuweather,1
/api/transicast,1
/api/dezrez,1
/api/mongolab,1
/api/city-and-state-zip-code,1
/api/textamerica,1
/api/ticketfly-affiliate,1
/api/australian-business-number-lookup,1
/api/decarta,1
/api/adobe-social,1
/api/sparklines,1
/api/gigya,1
/api/beer-mapping,1
/api/public-transit-data-community,1
/api/social-mention,1
/api/next-big-sound,1
/api/travenjoy,1
/api/google-reader-subscriber-statistics,1
/api/checkvist,1
/api/dataunison-ebay-research,1
/api/spamon,1
/api/high-gear-media,1
/api/30-boxes,1
/api/pachube,1
/api/wordstream-keyword-tool,1
/api/google-sidewiki,1
/api/addthis-analytics,1
/api/voo2do,1
/api/all-good,1
/api/google-apps-script-execution,1
/api/doit,1
/api/moonshadow-mobile,1
/api/bump,1
/api/webpurify-profanity-filter,1
/api/google-shopping-content,1
/api/deal-magic,1
/api/xaly,1
/api/toodledo,1
/api/scalr,1
/api/aim-phoneline,1
/api/nozbe,1
/api/socialoomph,1
/api/8tracks,1
/api/ecgridos-edi,1
/api/movieclipscom,1
/api/fansnap,1
/api/interfax,1
/api/barcelona-bicing,1
/api/agendize-action,1
/api/ontok-wikipedia,1
/api/hiveminder,1
/api/medianet-open-mp3,1
/api/evature-travel-search,1
/api/springer-metadata,1
/api/actblue,1
/api/brandify,1
/api/union-county-nc-gis,1
/api/swoogle,1
/api/activ-financial,1
/api/saplo-text-analysis,1
/api/extractiv,1
/api/alibris,1
/api/ooyala-video-player,1
/api/open-patent-services,1
/api/snappyfingers,1
/api/safe-creative,1
/api/web-api-biology,1
/api/vidoop,1
/api/webaim,1
/api/ifbyphone,1
/api/ncbi-entrez,1
/api/oovoo,1
/api/ncaa-mens-college-basketball,1
/api/gomotext-sms-gateway,1
/api/bible-gateway,1
/api/microsoft-healthvault,1
/api/dopplr,1
/api/intelepeer,1
/api/betfair,1
/api/context-voice,1
/api/geocubes,1
/api/wuala,1
/api/windows-live-spaces-photo,1
/api/filesanywhere,1
/api/docstoc,1
/api/currencies-exchange-rates,1
/api/dandyid,1
/api/connotea,1
/api/printfection,1
/api/expono,1
/api/meaningtool,1
/api/retro-avatar,1
/api/travelfusion,1
/api/open-government-data-initiative,1
/api/stupeflix,1
/api/medioh,1
/api/big-huge-thesaurus,1
/api/taglets,1
/api/dun-and-bradstreet-credit-check,1
/api/amazon-historical-pricing,1
/api/cta-bus-tracker,1
/api/openx,1
/api/cloudspeakers,1
/api/intel-cpu,1
/api/tagoo,1
/api/strikeiron,1
/api/ikregeernl,1
/api/democracy-action,1
/api/after-deadline,1
/api/tappin,1
/api/pikeo,1
/api/spock,1
/api/filestube,1
/api/lazytune,1
/api/whereis,1
/api/facescom,1
/api/skyhook-precision-location,1
/api/songza,1
/api/arcweb,1
/api/jobcentral-jobs,1
/api/natureserve-species,1
/api/ubio-namebank,1
/api/arkive,1
/api/idiomag,1
/api/backpack,1
/api/peekacity,1
/api/harvest,1
/api/dipity,1
/api/aevum-obscurum,1
/api/videodetective,1
/api/joost,1
/api/tarpipe,1
/api/aol-video-upload,1
/api/trendrr,1
/api/film-crave,1
/api/metacarta,1
/api/ffwd,1
/api/beenverified,1
/api/google-code-search,1
/api/qurl,1
/api/timesurl,1
/api/urlborg,1
/api/cligs,1
/api/openstrands,1
/api/isgd,1
/api/songly,1
/api/rim,1
/api/shrten,1
/api/nd-url,1
/api/qrcx,1
/api/opensosius,1
/api/semantic-contextual-advertising,1
/api/wishpot-shopping,1
/api/digital-podcast,1
/api/zoominfo,1
/api/12secondstv,1
/api/bibsonomy,1
/api/mite,1
/api/creative-commons,1
/api/tweetsentiments,1
/api/tradeshift,1
/api/verizon-navbuilder-locationkit,1
/api/tweetshrink,1
/api/tweetarun,1
/api/tweetlater,1
/api/tweepsearch,1
/api/tweetfeel-twitter-sentiment,1
/api/newscloud,1
/api/tweetrl,1
/api/tweet-press,1
/api/semantichacker,1
/api/musikki-music,1
/api/avantlink,1
/api/untappd,1
/api/meebo,1
/api/pubsub,1
/api/tel,1
/api/abbreviations,1
/api/tweet-scan,1
/api/amazon-redshift,1
/api/collecta,1
/api/eea-discomap,1
/api/touchnote,1
/api/miso,1
/api/wordartcom,1
/api/google-safe-browsing,1
/api/orange-sms,1
/api/orb,1
/api/orange-location,1
/api/yahoo-social-directory,1
/api/twtfm,1
/api/phishtank,1
/api/recurly,1
/api/wikilocation,1
/api/voxeo,1
/api/gatekrash,1
/api/stikkit,1
/api/we-are-hunted,1
/api/mapquest-open-directions,1
/api/vodpod,1
/api/cirip,1
/api/cheezburger,1
/api/alternativeto,1
/api/loclizard,1
/api/earthtools,1
/api/campfire,1
/api/empora-evergreen,1
/api/ribbit,1
/api/rescuetime,1
/api/windows-live-id-web-authentication,1
/api/justintv,1
/api/boorah-restaurant-search,1
/api/quarkrank,1
/api/shutterpoint,1
/api/jambase,1
/api/hotukdeals,1
/api/w3counter,1
/api/theyworkforyou,1
/api/quora,1
/api/windows-live-data,1
/api/lulu-publishing,1
/api/conceptshare,1
/api/science-museum,1
/api/tutorials-garden,1
/api/twinfluence,1
/api/windows-live-contacts-control,1
/api/thisnext,1
/api/postrank-data-mining,1
/api/corpwatch,1
/api/strikeiron-reverse-phone-and-address-append,1
/api/rentometer,1
/api/quickbase,1
/api/pushpin,1
/api/yahoo-spelling-suggestion,1
/api/cybersource-simple,1
/api/fatsecret-platform,1
/api/wordnik,1
/api/cloudvox,1
/api/alchemyapi-keyword-and-term-extraction,1
/api/qype,1
/api/prosper,1
/api/imified,1
/api/townme-geo,1
/api/kwwika,1
/api/joyrack-games,1
/api/dropio,1
/api/get-satisfaction,1
/api/subj3ct,1
/api/opendoar,1
/api/heyzap,1
/api/dun-and-bradstreet-business-verification,1
/api/metro-realtime,1
/api/coupon,1
/api/bart,1
/api/fullcontact-person,1
/api/citysdk-mobility,1
/api/finalsite,1
/api/whipplehill,1
/api/schoology,1
/api/google-ad-manager,1
/api/lyft,1
/api/google-waze,1
/api/garmin-communicator-plugin,1
/api/americommerce,1
/api/bizvizz,1
/api/bitcoin-payment,1
/api/otnettv,1
/api/open-garden,1
/api/c24-validation,1
/api/cronofy,1
/api/cubesensors,1
/api/altmetric,1
/api/skyscanner-live-pricing,1
/api/scalarium,1
/api/mynetdiary-food-search,1
/api/flashgamedistribution,1
/api/govdata,1
/api/lighthouse,1
/api/sendy,1
/api/poloniex,1
/api/bittrex,1
/api/kraken,1
/api/hitbtc,1
/api/statref,1
/api/getsentiment,1
/api/design-n-buy,1
/api/hootsuite-engagement,1
/api/shopify-embedded-app-javascript,1
/api/telize,1
/api/bike-index,1
/api/booli,1
/api/abebooks,1
/api/aylien-text-analysis,1
/api/antideo,1
/api/dailymile,1
/api/api-hood-global-tides,1
/api/roku-web-service,1
/api/travel-portal,1
/api/serpstat,1
/api/ritetag,1
/api/semrush-traffic-analytics,1
/api/mailjet,1
/api/voucherify,1
/api/best-buy-reviews,1
/api/review-trackers,1
/api/elcies-connected-services,1
/api/coronatracker,1
/api/css-mania,1
/api/teamsnap,1
/api/levelup,1
/api/pebble,1
/api/appfollow,1
/api/slack-bot,1
/api/slack-conversations,1
/api/intuit-quickbooks-online-accounting,1
/api/bitfinex,1
/api/doodle,1
/api/business-profiles,1
/api/mesibo-server-side,1
/api/ribbet,1
/api/actual-reports,1
/api/htm2pdf,1
/api/europass,1
/api/travel-booking-network,1
/api/clickup,1
/api/softonic,1
/api/abios-esports,1
/api/i-need-bargain,1
/api/woot,1
/api/mera-caar,1
/api/egnyte,1
/api/mesibo-client-side,1
/api/baby-names,1
/api/mobile-phone-megastore,1
/api/fenopy,1
/api/imdbapiorg,1
/api/angularjs,1
/api/metalocator,1
/api/realtime-register,1
/api/socrata-open-data,1
/api/coinpaprika,1
/api/coincap,1
/api/caret,1
/api/hotelston,1
/api/world-weather-online-time-zone,1
/api/syndicate-plus,1
/api/energystar-abs,1
/api/fotoflexer,1
/api/dbpedia-spotlight,1
/api/canadian-bitcoin-index,1
/api/thinknum,1
/api/fanarttv-music,1
/api/data24-7,1
/api/datawashington,1
/api/bbc-nitro,1
/api/kanban-tool,1
/api/favqs,1
/api/pixabay-free-images,1
/api/thesaurus,1
/api/tesco,1
/api/articulate-online,1
/api/apicultur-word-lemmatizer,1
/api/salesforce-chatter-rest,1
/api/vanilla-forums,1
/api/your-mapper-crimescore,1
/api/juno-download,1
/api/gitlab,1
/api/circleci,1
/api/slack-incoming-webhooks,1
/api/sms,1
/api/datadog,1
/api/bugsnag,1
/api/hetzner,1
/api/impact-radius,1
/api/sportradar,1
/api/peekyou-social-analytics,1
/api/43-places,1
/api/home-energy-saver,1
/api/serps-seo-rankings,1
/api/us-census-bureau,1
/api/tec-mailing,1
/api/stsoftware-job-track,1
/api/bitcoinaverage,1
/api/mistio,1
/api/rackspace-cloud-servers,1
/api/softlayer,1
/api/nephoscale,1
/api/openstack,1
/api/google-cloud-sql,1
/api/google-cloud-dns,1
/api/microsoft-bot-framework-bot-direct-line,1
/api/fakturoid,1
/api/resfly,1
/api/field-nation,1
/api/mnb-exchange-rate,1
/api/central-bank-armenia-exchange-rates,1
/api/touchtunes-jukebox,1
/api/hashedtags,1
/api/google-my-business,1
/api/facebook-business-mapping,1
/api/tomtom-geocoding,1
/api/rescuegroups,1
/api/sap-anywhere,1
/api/nasa,1
/api/parsebot,1
/api/skimlinks-link-monetization,1
/api/automattic-wordpress-widgets,1
/api/s3bubble,1
/api/pryv,1
/api/ludei-cloud,1
/api/usajobs,1
/api/blockchain-receive-payments,1
/api/pipl,1
/api/mailcheap,1
/api/taxi-fare-finder,1
/api/hpe-haven-ondemand-view-document,1
/api/mymemory,1
/api/idealista,1
/api/beacon-registry,1
/api/google-mirror,1
/api/sitesummary,1
/api/resgrid,1
/api/google-pagespeed-insights,1
/api/traitify,1
/api/printr,1
/api/supportfu,1
/api/digireality,1
/api/vcita,1
/api/bot-libre,1
/api/maas2,1
/api/whatsapp-business,1
/api/ckan,1
/api/ckan-ireland,1
/api/brazil-ckan,1
/api/ckan-czech-republic,1
/api/ckan-italy,1
/api/ckan-norway,1
/api/unity-scripting,1
/api/foodcare,1
/api/real-time-rank-tracker,1
/api/team-popong-poodl,1
/api/kissmetrics,1
/api/nasa-mars-rover-photos,1
/api/simplyhired-jobs,1
/api/infochimps-geo,1
/api/time-extractor,1
/api/infobip,1
/api/open-library-books,1
/api/google-fit-rest,1
/api/misfit,1
/api/oecd-open-data,1
/api/google-analytics-metadata,1
/api/google-maps-geolocation,1
/api/windshieldrepair-tech-auto-glass,1
/api/dropbox-datastore,1
/api/cloud-elements-platform,1
/api/servicenow,1
/api/marketo,1
/api/eloqua,1
/api/hubspot-leads,1
/api/gethealth,1
/api/beebotte,1
/api/datarella,1
/api/maluuba-natural-language,1
/api/amnesty-international,1
/api/amazon-alexa-skill-voice-service,1
/api/alexa-skill-management,1
/api/amazon-alexa-proactive-events,1
/api/amazon-alexa-smart-home-skills,1
/api/google-assistant,1
/api/dialogflow-standard-webhooks,1
/api/nlp-tools,1
/api/google-maps-android,1
/api/easytobook,1
/api/health-20,1
/api/comparedownload,1
/api/open-movie-database,1
/api/opencnam,1
/api/pdf-alchemy,1
/api/99designs-tasks,1
/api/slack-real-time-messaging,1
/api/restricted-party-screening,1
/api/gimmie,1
/api/unbounce,1
/api/launchrock,1
/api/gtfs-data-exchange,1
/api/victoria-albert-museum,1
/api/pyton-flight-portal,1
/api/grabicon,1
/api/timezonedb,1
/api/airbnb,1
/api/9flats,1
/api/roomorama,1
/api/oipa-openaid-iati,1
/api/tweetvite,1
/api/betherenyc,1
/api/venteria,1
/api/seatgeek,1
/api/mbar,1
/api/stubhub,1
/api/businessusa-events,1
/api/lufthansa-open,1
/api/tvmaze,1
/api/contentful,1
/api/refuge-restrooms,1
/api/last-10k-company,1
/api/business-alerts,1
/api/concur,1
/api/trimet,1
/api/mywot,1
/api/billeo-active-ewallet,1
/api/mydigitalstructure,1
/api/trailer-addict,1
/api/noaa-erddap,1
/api/national-weather-service-ndfd,1
/api/datagovuk,1
/api/uk-street-level-crime,1
/api/sensis-business-search,1
/api/webcamstravel,1
/api/readsocial,1
/api/urban-mapping-neighborhoods,1
/api/picitup,1
/api/sonos-music,1
/api/shoutcast-radio,1
/api/tfl-cycle-hire,1
/api/awardwallet-email-parsing,1
/api/plurk,1
/api/yammer,1
/api/diigo,1
/api/zootool,1
/api/boxcar,1
/api/svpply,1
/api/apify,1
/api/fcc,1
/api/appharbor,1
/api/pinnaclecart-rest,1
/api/my-jam,1
/api/acapela,1
/api/synonyms,1
/api/launchbit,1
/api/harpercollins-open-book,1
/api/authoritylabs-partner,1
/api/short-and-tweet,1
/api/ip-apicom-geolocation,1
/api/eldercare-locator,1
/api/bondora,1
/api/google-provisioning,1
/api/google-apps-marketplace,1
/api/subdb,1
/api/hasoffers,1
/api/bing-maps-geocode-dataflow,1
/api/direct-textbook,1
/api/embedly,1
/api/geoadmin,1
/api/huffington-post-pollster,1
/api/authoritylabs-account,1
/api/world-bank-indicators,1
/api/quizlet-flashcards,1
/api/dwolla,1
/api/redbooth,1
/api/hp-labs-multimedia-analytic-platform,1
/api/domaintools,1
/api/dnsimple,1
/api/domain,1
/api/dns-tools,1
/api/photoshelter,1
/api/deviantart,1
/api/yahoo-yui,1
/api/appnet,1
/api/idescat-population-search,1
/api/random-house,1
/api/usa-today-best-selling-books,1
/api/culture24,1
/api/ispeech-automated-speech-recognition,1
/api/epa-watershed-summary,1
/api/epa-station-catalog,1
/api/nolapro,1
/api/veryrelated-mind-maps-keyword,1
/api/fanbridge,1
/api/mediatemple,1
/api/pubnub,1
/api/florist-one,1
/api/biodiversity-heritage-library,1
/api/uservoice,1
/api/are-you-watching,1
/api/artistdata,1
/api/bing-traffic,1
/api/microsoft-adcenter,1
/api/issuu-search,1
/api/social-actions,1
/api/rpm-software,1
/api/gigablast,1
/api/irail,1
/api/localmind,1
/api/exchange-rate,1
/api/groups-near-you,1
/api/groveio,1
/api/nhs,1
/api/national-library-medicine-dirline,1
/api/rhymebrain,1
/api/facebook-credits,1
/api/kewego-video,1
/api/mediafire,1
/api/shipstation,1
/api/google-prediction,1
/api/singleplatform,1
/api/crowdflower,1
/api/brown-paper-tickets,1
/api/amazonca,1
/api/weplay,1
/api/vzaar,1
/api/planning-center,1
/api/amazon-sns,1
/api/thetvdbcom,1
/api/odnoklassniki,1
/api/fwix-location,1
/api/favorit,1
/api/yrc,1
/api/fwix,1
/api/langid,1
/api/highwire,1
/api/crossio,1
/api/moviepilot,1
/api/google-recaptcha,1
/api/ebay-merchandising,1
/api/everytrail,1
/api/hotwire-travel-ticker-deals,1
/api/open-dining-network-food-ordering,1
/api/aden-forshaws-cat,1
/api/pagerduty,1
/api/payvment,1
/api/goodsie,1
/api/ambassador,1
/api/volusion-shopping-cart,1
/api/uproc,1
/api/rakuten,1
/api/jet,1
/api/ubuntu-one-files,1
/api/pdf-generator,1
/api/bitext,1
/api/numbers,1
/api/google-patent-search,1
/api/whoapi,1
/api/tvrage,1
/api/repustate,1
/api/metro-transit-nextrip,1
/api/deezer,1
/api/popshops,1
/api/cleartrip,1
/api/cloudapp,1
/api/pogoplug,1
/api/boxnet-embedit,1
/api/infogroup-infoconnect,1
/api/mapmyrun,1
/api/amazon-mws,1
/api/blockchain-wallet,1
/api/national-library-australia-trove,1
/api/rxnlp-cluster-sentences-and-short-texts,1
/api/rxnlp-text-similarity,1
/api/trello,1
/api/geoplugin,1
/api/yfrog,1
/api/assembla,1
/api/launchpad,1
/api/jsfiddle,1
/api/envato,1
/api/geonb,1
/api/sina-weibo,1
/api/singly,1
/api/travel-iq,1
/api/venmo,1
/api/liqpay,1
/api/blockchain-block-explorer,1
/api/liberty-reserve,1
/api/perfectmoney,1
/api/vine,1
/api/paperboy,1
/api/australia-post,1
/api/speedy-express-delivery-services,1
/api/ukmail,1
/api/block-avenue-neighborhood-reviews,1
/api/slack-web,1
/api/smart-ip-geo-ip,1
/api/alchemyapi-text-categorization,1
/api/dronestream,1
/api/bitrix24,1
/api/campbx,1
/api/bitcurex,1
/api/cryptsy,1
/api/coins-e,1
/api/mcxnow,1
/api/coupomated-coupon-datafeed,1
/api/allocin%C3%A3%C2%A9-movie,1
/api/car2go,1
/api/securenet,1
/api/captchacoin,1
/api/gecko-landmarks,1
/api/dlvrit,1
/api/coderwall-profile,1
/api/geeklist,1
/api/hacker-news-mobile,1
/api/kounta,1
/api/cryptocoin-charts,1
/api/parse,1
/api/san-francisco-crimespotting,1
/api/wiki-data,1
/api/sports-power,1
/api/sports-data,1
/api/hello-salut,1
/api/sonicapicom,1
/api/liveconnect,1
/api/quickbooks-payments,1
/api/myob-essentials-accounting,1
/api/tradegecko,1
/api/neto,1
/api/servicem8,1
/api/metno-weather,1
/api/workflowmax,1
/api/google-analytics-core-reporting,1
/api/uc-berkeley-registration-status-check,1
/api/university-british-columbia-labs,1
/api/easy-blockchain,1
/api/paris,1
/api/earth911-search,1
/api/eduroam,1
/api/healthfindergov,1
/api/paperback-swap,1
/api/ookaboo,1
/api/macys-catalog-and-store-services,1
/api/worksnaps,1
/api/ltcoin,1
/api/bitcoin-charts-markets,1
/api/product-hunt,1
/api/new-york-times-archive,1
/api/handset-detection,1
/api/18amail,1
/api/123-shop-pro,1
/api/140-proof,1
/api/123contactform,1
/api/1map,1
/api/proprofs-quiz-maker,1
/api/hackerearth,1
/api/pixlab,1
/api/laravel,1
/api/dog-gateway,1
/api/analytics-seo,1
/api/db-direct,1
/api/gengo-human-translation,1
/api/moodle,1
/api/payment-vision-pay,1
/api/payments-gateway,1
/api/paymentwall,1
/api/geobytes-ajax-autocomplete-cities-list,1
/api/wookmark,1
/api/openskyquery-skyportal,1
/api/sdss-imgcutout,1
/api/dog-ceo-dog,1
/api/revel-systems,1
/api/lightspeed-retail,1
/api/microsoft-cognitive-services-emotion,1
/api/tixik,1
/api/topicalizer,1
